<application>
  <component name="ProjectManager">
    <defaultProject>
      <component name="InspectionProjectProfileManager">
        <profile version="1.0">
          <option name="myName" value="Project Default" />
          <inspection_tool class="InconsistentLineSeparators" enabled="true" level="WARNING" enabled_by_default="true" />
        </profile>
        <version value="1.0" />
      </component>
      <component name="ProjectInspectionProfilesVisibleTreeState">
        <entry key="Project Default">
          <profile-state>
            <expanded-state>
              <State>
                <id>General</id>
              </State>
            </expanded-state>
            <selected-state>
              <State>
                <id>InconsistentLineSeparators</id>
              </State>
            </selected-state>
          </profile-state>
        </entry>
      </component>
      <component name="PropertiesComponent"><![CDATA[{
  "keyToString": {
    "settings.editor.selected.configurable": "Inspections-IDEA"
  }
}]]></component>
      <component name="WindowStateProjectService">
        <state x="922" y="132" key="SettingsEditor" timestamp="1713885897005">
          <screen x="0" y="0" width="1920" height="1080" />
        </state>
        <state x="922" y="132" key="SettingsEditor/0.0.1920.1080" timestamp="1713885897005" />
      </component>
    </defaultProject>
  </component>
</application>